<?xml version="1.0" encoding="UTF-8"?>
<Configuration xmlns:xi="http://www.w3.org/2001/XInclude">
	<Appenders>
		<Console name="STDOUT" target="SYSTEM_OUT">
			<PatternLayout
				pattern="[%-5level] %d{yyyy-MM-dd HH:mm:ss.SSS} [%t] %c{1} - %msg%n" />

		</Console>
	</Appenders>

	<Loggers>
		<Logger name="development_logger" level="INFO" additivity="false">
			<AppenderRef ref="STDOUT" />
			<AppenderRef ref="externalLogFile" />
		</Logger>

		<Root level="INFO">
			<AppenderRef ref="STDOUT" />
			<AppenderRef ref="externalLogFile" />
		</Root>
	</Loggers>


</Configuration>
